datetime,r_after
2026-07-29 12:01:00-04:00,3.695674764501734
2026-07-29 12:02:00-04:00,3.696136769078295
2026-07-29 12:03:00-04:00,3.6961705503222597
2026-07-29 12:04:00-04:00,3.6961705503222597
2026-07-29 12:05:00-04:00,3.696544366899302
2026-07-29 12:06:00-04:00,3.6968532799198797
2026-07-29 12:07:00-04:00,3.696376068376068
2026-07-29 12:08:00-04:00,3.6959306880964333
2026-07-29 12:09:00-04:00,3.6960220883534136
2026-07-29 12:10:00-04:00,3.696102153229844
2026-07-29 12:11:00-04:00,3.6962499999999996
2026-07-29 12:12:00-04:00,3.6964657671164414
2026-07-29 12:13:00-04:00,3.6966470294558156
2026-07-29 12:14:00-04:00,3.6962158920539716
2026-07-29 12:15:00-04:00,3.6962158920539716
2026-07-29 12:16:00-04:00,3.6962158920539716
2026-07-29 12:17:00-04:00,3.6962158920539716
2026-07-29 12:18:00-04:00,3.69604586241276
2026-07-29 12:19:00-04:00,3.6960119581464865
2026-07-29 12:20:00-04:00,3.6960119581464865
2026-07-29 12:21:00-04:00,3.695944250871079
2026-07-29 12:22:00-04:00,3.69729955290611
2026-07-29 12:23:00-04:00,3.6974789081885855
2026-07-29 12:24:00-04:00,3.697354838709676
2026-07-29 12:25:00-04:00,3.6973412580485374
2026-07-29 12:26:00-04:00,3.696845963348191
2026-07-29 12:27:00-04:00,3.6961705503222593
2026-07-29 12:28:00-04:00,3.6961705503222593
2026-07-29 12:29:00-04:00,3.6961705503222593
2026-07-29 12:30:00-04:00,3.6961705503222593
2026-07-29 12:31:00-04:00,3.6958889990089183
2026-07-29 12:32:00-04:00,3.6948316831683163
2026-07-29 12:33:00-04:00,3.694220238095237
2026-07-29 12:34:00-04:00,3.694253101736972
2026-07-29 12:35:00-04:00,3.6940564077189495
2026-07-29 12:36:00-04:00,3.6941874070401575
2026-07-29 12:37:00-04:00,3.694004962779155
2026-07-29 12:38:00-04:00,3.694311353495289
2026-07-29 12:39:00-04:00,3.6941218424962843
2026-07-29 12:40:00-04:00,3.6941218424962843
2026-07-29 12:41:00-04:00,3.6943366336633656
2026-07-29 12:42:00-04:00,3.6943366336633656
2026-07-29 12:43:00-04:00,3.6944275111331017
2026-07-29 12:44:00-04:00,3.6943366336633656
2026-07-29 12:45:00-04:00,3.6941218424962843
2026-07-29 12:46:00-04:00,3.6945512122711515
2026-07-29 12:47:00-04:00,3.6945512122711515
2026-07-29 12:48:00-04:00,3.694864784546804
2026-07-29 12:49:00-04:00,3.694864784546804
2026-07-29 12:50:00-04:00,3.6924599303135874
2026-07-29 12:51:00-04:00,3.6920228741919434
2026-07-29 12:52:00-04:00,3.6923391521197004
2026-07-29 12:53:00-04:00,3.693598397596394
2026-07-29 12:54:00-04:00,3.6942605668821473
2026-07-29 12:55:00-04:00,3.6944761431411526
2026-07-29 12:56:00-04:00,3.6949310857709468
2026-07-29 12:57:00-04:00,3.694988608221891
2026-07-29 12:58:00-04:00,3.6950640834575257
2026-07-29 12:59:00-04:00,3.6938025922233297
2026-07-29 13:00:00-04:00,3.6938025922233297
2026-07-29 13:01:00-04:00,3.693059940059939
2026-07-29 13:02:00-04:00,3.692640198511166
2026-07-29 13:03:00-04:00,3.69304975124378
2026-07-29 13:04:00-04:00,3.6931417205370454
2026-07-29 13:05:00-04:00,3.6931417205370454
2026-07-29 13:06:00-04:00,3.6932065704330506
2026-07-29 13:07:00-04:00,3.6935206776283
2026-07-29 13:08:00-04:00,3.6942605668821473
2026-07-29 13:09:00-04:00,3.69208345752608
2026-07-29 13:10:00-04:00,3.693887618100447
2026-07-29 13:11:00-04:00,3.6940189337319373
2026-07-29 13:12:00-04:00,3.6939860557768913
2026-07-29 13:13:00-04:00,3.6933578528827034
2026-07-29 13:14:00-04:00,3.6933578528827034
2026-07-29 13:15:00-04:00,3.693141720537046
2026-07-29 13:16:00-04:00,3.6928930880159117
2026-07-29 13:17:00-04:00,3.6930769995032273
2026-07-29 13:18:00-04:00,3.6914030891878418
2026-07-29 13:19:00-04:00,3.6907505010020034
2026-07-29 13:20:00-04:00,3.691404892661008
2026-07-29 13:21:00-04:00,3.6891528822055135
2026-07-29 13:22:00-04:00,3.688871743486974
2026-07-29 13:23:00-04:00,3.68905817452357
2026-07-29 13:24:00-04:00,3.690592775853537
2026-07-29 13:25:00-04:00,3.689599602583209
2026-07-29 13:26:00-04:00,3.688730253353203
2026-07-29 13:27:00-04:00,3.6894122327200396
2026-07-29 13:28:00-04:00,3.6897866004962774
2026-07-29 13:29:00-04:00,3.6898479880774957
2026-07-29 13:30:00-04:00,3.690034739454094
2026-07-29 13:31:00-04:00,3.690034739454094
2026-07-29 13:32:00-04:00,3.6898479880774957
2026-07-29 13:33:00-04:00,3.6896608652411733
2026-07-29 13:34:00-04:00,3.6892244897959174
2026-07-29 13:35:00-04:00,3.6896575137294048
2026-07-29 13:36:00-04:00,3.689374999999999
2026-07-29 13:37:00-04:00,3.689346633416458
2026-07-29 13:38:00-04:00,3.6888749999999995
2026-07-29 13:39:00-04:00,3.6891555777888936
2026-07-29 13:40:00-04:00,3.6891277445109774
2026-07-29 13:41:00-04:00,3.68893906093906
2026-07-29 13:42:00-04:00,3.688908637044432
2026-07-29 13:43:00-04:00,3.688538116591927
2026-07-29 13:44:00-04:00,3.6873578894972616
2026-07-29 13:45:00-04:00,3.687233449477351
2026-07-29 13:46:00-04:00,3.686881741712023
2026-07-29 13:47:00-04:00,3.6839292476332823
2026-07-29 13:48:00-04:00,3.682499999999999
2026-07-29 13:49:00-04:00,3.68114667988107
2026-07-29 13:50:00-04:00,3.6754313326551364
2026-07-29 13:51:00-04:00,3.679569506726457
2026-07-29 13:52:00-04:00,3.6788937437934455
2026-07-29 13:53:00-04:00,3.6789672619047606
2026-07-29 13:54:00-04:00,3.674578421578421
2026-07-29 13:55:00-04:00,3.6739513164431195
2026-07-29 13:56:00-04:00,3.6749840478564297
2026-07-29 13:57:00-04:00,3.6764351713859904
2026-07-29 13:58:00-04:00,3.675148574287143
2026-07-29 13:59:00-04:00,3.6758804902962203
2026-07-29 14:00:00-04:00,3.6298856065367695
2026-07-29 14:01:00-04:00,3.6279999999999997
2026-07-29 14:02:00-04:00,3.628
2026-07-29 14:03:00-04:00,3.628
2026-07-29 14:04:00-04:00,3.628
2026-07-29 14:05:00-04:00,3.628
2026-07-29 14:06:00-04:00,3.628
2026-07-29 14:07:00-04:00,3.628
2026-07-29 14:08:00-04:00,3.628
2026-07-29 14:09:00-04:00,3.628
2026-07-29 14:10:00-04:00,3.628
2026-07-29 14:11:00-04:00,3.628
2026-07-29 14:12:00-04:00,3.628
2026-07-29 14:13:00-04:00,3.628
2026-07-29 14:14:00-04:00,3.628
2026-07-29 14:15:00-04:00,3.628
2026-07-29 14:16:00-04:00,3.628
2026-07-29 14:17:00-04:00,3.628
2026-07-29 14:18:00-04:00,3.628
2026-07-29 14:19:00-04:00,3.628
2026-07-29 14:20:00-04:00,3.628
2026-07-29 14:21:00-04:00,3.628
2026-07-29 14:22:00-04:00,3.628
2026-07-29 14:23:00-04:00,3.628
2026-07-29 14:24:00-04:00,3.628
2026-07-29 14:25:00-04:00,3.628
2026-07-29 14:26:00-04:00,3.628
2026-07-29 14:27:00-04:00,3.628
2026-07-29 14:28:00-04:00,3.628
2026-07-29 14:29:00-04:00,3.628
2026-07-29 14:30:00-04:00,3.628
2026-07-29 14:31:00-04:00,3.628
2026-07-29 14:32:00-04:00,3.628
2026-07-29 14:33:00-04:00,3.628
2026-07-29 14:34:00-04:00,3.628
2026-07-29 14:35:00-04:00,3.628
2026-07-29 14:36:00-04:00,3.628
2026-07-29 14:37:00-04:00,3.628
2026-07-29 14:38:00-04:00,3.628
2026-07-29 14:39:00-04:00,3.628
2026-07-29 14:40:00-04:00,3.628
2026-07-29 14:41:00-04:00,3.628
2026-07-29 14:42:00-04:00,3.628
2026-07-29 14:43:00-04:00,3.628
2026-07-29 14:44:00-04:00,3.628
2026-07-29 14:45:00-04:00,3.628
2026-07-29 14:46:00-04:00,3.628
2026-07-29 14:47:00-04:00,3.628
2026-07-29 14:48:00-04:00,3.628
2026-07-29 14:49:00-04:00,3.628
2026-07-29 14:50:00-04:00,3.628
2026-07-29 14:51:00-04:00,3.628
2026-07-29 14:52:00-04:00,3.628
2026-07-29 14:53:00-04:00,3.628
2026-07-29 14:54:00-04:00,3.628
2026-07-29 14:55:00-04:00,3.628
2026-07-29 14:56:00-04:00,3.628
2026-07-29 14:57:00-04:00,3.628
2026-07-29 14:58:00-04:00,3.628
2026-07-29 14:59:00-04:00,3.628
2026-07-29 15:00:00-04:00,3.628
2026-07-29 15:01:00-04:00,3.628
2026-07-29 15:02:00-04:00,3.628
2026-07-29 15:03:00-04:00,3.628
2026-07-29 15:04:00-04:00,3.628
2026-07-29 15:05:00-04:00,3.628
2026-07-29 15:06:00-04:00,3.628
2026-07-29 15:07:00-04:00,3.628
2026-07-29 15:08:00-04:00,3.628
2026-07-29 15:09:00-04:00,3.628
2026-07-29 15:10:00-04:00,3.628
2026-07-29 15:11:00-04:00,3.628
2026-07-29 15:12:00-04:00,3.628
2026-07-29 15:13:00-04:00,3.628
2026-07-29 15:14:00-04:00,3.628
2026-07-29 15:15:00-04:00,3.628
2026-07-29 15:16:00-04:00,3.628
2026-07-29 15:17:00-04:00,3.628
2026-07-29 15:18:00-04:00,3.628
2026-07-29 15:19:00-04:00,3.628
2026-07-29 15:20:00-04:00,3.628
2026-07-29 15:21:00-04:00,3.628
2026-07-29 15:22:00-04:00,3.628
2026-07-29 15:23:00-04:00,3.628
2026-07-29 15:24:00-04:00,3.628
2026-07-29 15:25:00-04:00,3.628
2026-07-29 15:26:00-04:00,3.628
2026-07-29 15:27:00-04:00,3.628
2026-07-29 15:28:00-04:00,3.628
2026-07-29 15:29:00-04:00,3.628
2026-07-29 15:30:00-04:00,3.628
2026-07-29 15:31:00-04:00,3.628
2026-07-29 15:32:00-04:00,3.628
2026-07-29 15:33:00-04:00,3.628
2026-07-29 15:34:00-04:00,3.628
2026-07-29 15:35:00-04:00,3.628
2026-07-29 15:36:00-04:00,3.628
2026-07-29 15:37:00-04:00,3.628
2026-07-29 15:38:00-04:00,3.628
2026-07-29 15:39:00-04:00,3.628
2026-07-29 15:40:00-04:00,3.628
2026-07-29 15:41:00-04:00,3.628
2026-07-29 15:42:00-04:00,3.628
2026-07-29 15:43:00-04:00,3.628
2026-07-29 15:44:00-04:00,3.628
2026-07-29 15:45:00-04:00,3.628
2026-07-29 15:46:00-04:00,3.628
2026-07-29 15:47:00-04:00,3.628
2026-07-29 15:48:00-04:00,3.628
2026-07-29 15:49:00-04:00,3.628
2026-07-29 15:50:00-04:00,3.628
2026-07-29 15:51:00-04:00,3.628
2026-07-29 15:52:00-04:00,3.628
2026-07-29 15:53:00-04:00,3.628
2026-07-29 15:54:00-04:00,3.628
2026-07-29 15:55:00-04:00,3.628
2026-07-29 15:56:00-04:00,3.628
2026-07-29 15:57:00-04:00,3.628
2026-07-29 15:58:00-04:00,3.628
2026-07-29 15:59:00-04:00,3.628
